{"cameraMode":{"drawMode":0,"name":"Shaded","section":"Shading Mode"},"sceneLighting":false,"audioPlay":false,"sceneViewState":{"m_AlwaysRefresh":false,"showFog":true,"showSkybox":true,"showFlares":true,"showImageEffects":true,"showParticleSystems":true,"showVisualEffectGraphs":true,"m_FxEnabled":true},"in2DMode":false,"pivot":{"x":-0.6867707371711731,"y":-0.14349456131458283,"z":0.5359117388725281},"rotation":{"x":0.12765584886074067,"y":-0.5841063261032105,"z":0.09366360306739807,"w":0.7960894107818604},"size":1.1443231105804444,"orthographic":false}